{
    "eval_loss": 0.5856304168701172,
    "eval_accuracy": 0.7232142857142857,
    "eval_runtime": 168.9508,
    "eval_samples_per_second": 0.663,
    "eval_steps_per_second": 0.083,
    "epoch": 2.0
}