{
    "eval_loss": 0.597905695438385,
    "eval_accuracy": 0.7232142857142857,
    "eval_runtime": 83.5588,
    "eval_samples_per_second": 1.34,
    "eval_steps_per_second": 0.168,
    "epoch": 2.0
}